-- phpMyAdmin SQL Dump
-- version 5.2.1
-- https://www.phpmyadmin.net/
--
-- Host: 127.0.0.1
-- Generation Time: Oct 24, 2024 at 08:32 AM
-- Server version: 10.4.32-MariaDB
-- PHP Version: 8.2.12

SET SQL_MODE = "NO_AUTO_VALUE_ON_ZERO";
START TRANSACTION;
SET time_zone = "+00:00";


/*!40101 SET @OLD_CHARACTER_SET_CLIENT=@@CHARACTER_SET_CLIENT */;
/*!40101 SET @OLD_CHARACTER_SET_RESULTS=@@CHARACTER_SET_RESULTS */;
/*!40101 SET @OLD_COLLATION_CONNECTION=@@COLLATION_CONNECTION */;
/*!40101 SET NAMES utf8mb4 */;

--
-- Database: `attendancesystem`
--

-- --------------------------------------------------------

--
-- Table structure for table `tbladmin`
--

CREATE TABLE `tbladmin` (
  `Id` int(10) NOT NULL,
  `firstName` varchar(50) NOT NULL,
  `lastName` varchar(50) NOT NULL,
  `emailAddress` varchar(50) NOT NULL,
  `password` varchar(50) NOT NULL
) ENGINE=MyISAM DEFAULT CHARSET=latin1 COLLATE=latin1_swedish_ci;

--
-- Dumping data for table `tbladmin`
--

INSERT INTO `tbladmin` (`Id`, `firstName`, `lastName`, `emailAddress`, `password`) VALUES
(1, 'Admin', '', 'admin@gmail.com', 'D00F5D5217896FB7FD601412CB890830');

-- --------------------------------------------------------

--
-- Table structure for table `tblattendance`
--

CREATE TABLE `tblattendance` (
  `Id` int(10) NOT NULL,
  `admissionNo` varchar(255) NOT NULL,
  `classId` varchar(10) NOT NULL,
  `classArmId` varchar(10) NOT NULL,
  `sessionTermId` varchar(10) NOT NULL,
  `status` varchar(10) NOT NULL,
  `dateTimeTaken` date DEFAULT NULL,
  `timeTaken` time DEFAULT NULL,
  `sessionType` varchar(255) DEFAULT NULL
) ENGINE=MyISAM DEFAULT CHARSET=latin1 COLLATE=latin1_swedish_ci;

--
-- Dumping data for table `tblattendance`
--

INSERT INTO `tblattendance` (`Id`, `admissionNo`, `classId`, `classArmId`, `sessionTermId`, `status`, `dateTimeTaken`, `timeTaken`, `sessionType`) VALUES
(680, 'STD001', '16', '19', '1', '0', '2024-07-30', '09:00:00', 'Morning'),
(679, 'STD020', '17', '20', '1', '0', '2024-07-30', '09:00:00', 'Morning'),
(678, 'STD015', '17', '20', '1', '0', '2024-07-30', '09:00:00', 'Morning'),
(677, 'STD004', '17', '20', '1', '0', '2024-07-30', '09:00:00', 'Morning'),
(676, 'STD003', '17', '20', '1', '0', '2024-07-30', '09:00:00', 'Morning'),
(675, 'STD010', '8', '11', '1', '0', '2024-07-30', '09:00:00', 'Morning'),
(674, 'STD009', '8', '11', '1', '0', '2024-07-30', '09:00:00', 'Morning'),
(673, 'STD008', '8', '11', '1', '0', '2024-07-30', '09:00:00', 'Morning'),
(672, 'STD007', '8', '11', '1', '0', '2024-07-30', '09:00:00', 'Morning'),
(671, 'STD006', '8', '11', '1', '0', '2024-07-30', '09:00:00', 'Morning'),
(670, 'STD005', '8', '11', '1', '0', '2024-07-30', '09:00:00', 'Morning'),
(669, 'STD004', '8', '11', '1', '0', '2024-07-30', '09:00:00', 'Morning'),
(668, 'STD003', '8', '11', '1', '0', '2024-07-30', '09:00:00', 'Morning'),
(667, 'STD002', '8', '11', '1', '0', '2024-07-30', '09:00:00', 'Morning'),
(666, 'STD001', '8', '11', '1', '0', '2024-07-30', '09:00:00', 'Morning'),
(965, 'STD008', '16', '19', '1', '0', '2024-09-21', '09:00:00', 'Morning'),
(964, 'STD007', '16', '19', '1', '0', '2024-09-21', '09:00:00', 'Morning'),
(963, 'STD006', '16', '19', '1', '0', '2024-09-21', '09:00:00', 'Morning'),
(962, 'STD005', '16', '19', '1', '0', '2024-09-21', '09:00:00', 'Morning'),
(961, 'STD002', '16', '19', '1', '0', '2024-09-21', '09:00:00', 'Morning'),
(960, 'STD001', '16', '19', '1', '0', '2024-09-21', '09:00:00', 'Morning'),
(635, 'STD012', '1', '4', '1', '1', '2024-07-27', '09:00:00', 'Morning'),
(634, 'STD005', '3', '2', '1', '1', '2024-07-27', '09:00:00', 'Morning'),
(633, 'STD004', '3', '2', '1', '1', '2024-07-27', '09:00:00', 'Morning'),
(632, 'STD003', '3', '2', '1', '1', '2024-07-27', '09:00:00', 'Morning'),
(631, 'STD002', '1', '2', '1', '1', '2024-07-27', '09:00:00', 'Morning'),
(630, 'STD001', '3', '2', '1', '1', '2024-07-27', '09:00:00', 'Morning'),
(533, 'STD012', '1', '4', '1', '1', '2024-07-26', '09:00:00', 'Morning'),
(532, 'STD005', '3', '2', '1', '1', '2024-07-26', '09:00:00', 'Morning'),
(531, 'STD004', '3', '2', '1', '1', '2024-07-26', '09:00:00', 'Morning'),
(530, 'STD003', '3', '2', '1', '1', '2024-07-26', '09:00:00', 'Morning'),
(529, 'STD002', '3', '2', '1', '1', '2024-07-26', '09:00:00', 'Morning'),
(298, 'STD002', '3', '2', '1', '1', '2024-07-23', '09:00:00', 'Morning'),
(297, 'STD005', '3', '2', '1', '1', '2024-07-25', '09:00:00', 'Morning'),
(296, 'STD004', '3', '2', '1', '1', '2024-07-25', '09:00:00', 'Morning'),
(295, 'STD003', '3', '2', '1', '1', '2024-07-25', '09:00:00', 'Morning'),
(294, 'STD002', '3', '2', '1', '1', '2024-07-25', '09:00:00', 'Morning'),
(293, 'STD001', '3', '2', '1', '1', '2024-07-25', '09:00:00', 'Morning'),
(215, 'STD002', '3', '2', '1', '1', '2024-07-24', '09:00:00', 'Morning'),
(528, 'STD001', '3', '2', '1', '1', '2024-07-26', '09:00:00', 'Morning'),
(681, 'STD002', '16', '19', '1', '0', '2024-07-30', '09:00:00', 'Morning'),
(682, 'STD005', '16', '19', '1', '0', '2024-07-30', '09:00:00', 'Morning'),
(683, 'STD006', '16', '19', '1', '0', '2024-07-30', '09:00:00', 'Morning'),
(684, 'STD007', '16', '19', '1', '0', '2024-07-30', '09:00:00', 'Morning'),
(685, 'STD008', '16', '19', '1', '0', '2024-07-30', '09:00:00', 'Morning'),
(686, 'STD009', '16', '19', '1', '0', '2024-07-30', '09:00:00', 'Morning'),
(687, 'STD010', '16', '19', '1', '0', '2024-07-30', '09:00:00', 'Morning'),
(798, 'STD003', '3', '2', '1', '0', '2024-07-30', '09:00:00', 'Morning'),
(797, 'STD002', '3', '2', '1', '1', '2024-07-30', '09:00:00', 'Morning'),
(796, 'STD001', '3', '2', '1', '1', '2024-07-30', '09:00:00', 'Morning'),
(792, 'STD012', '1', '4', '1', '0', '2024-07-30', '09:00:00', 'Morning'),
(793, 'STD013', '1', '4', '1', '0', '2024-07-30', '09:00:00', 'Morning'),
(794, 'STD014', '1', '4', '1', '0', '2024-07-30', '09:00:00', 'Morning'),
(795, 'STD015', '1', '4', '1', '0', '2024-07-30', '09:00:00', 'Morning'),
(791, 'STD011', '1', '4', '1', '0', '2024-07-30', '09:00:00', 'Morning'),
(698, 'STD005', '18', '21', '1', '0', '2024-07-30', '09:00:00', 'Morning'),
(699, 'STD002', '19', '22', '1', '0', '2024-07-30', '09:00:00', 'Morning'),
(700, 'STD001', '19', '22', '1', '0', '2024-07-30', '09:00:00', 'Morning'),
(800, 'STD005', '3', '2', '1', '0', '2024-07-30', '09:00:00', 'Morning'),
(799, 'STD004', '3', '2', '1', '0', '2024-07-30', '09:00:00', 'Morning'),
(1024, 'STD007', '16', '19', '1', '0', '2024-09-22', '09:00:00', 'Morning'),
(1023, 'STD006', '16', '19', '1', '0', '2024-09-22', '09:00:00', 'Morning'),
(1022, 'STD005', '16', '19', '1', '0', '2024-09-22', '09:00:00', 'Morning'),
(1021, 'STD002', '16', '19', '1', '0', '2024-09-22', '09:00:00', 'Morning'),
(1020, 'STD001', '16', '19', '1', '0', '2024-09-22', '09:00:00', 'Morning'),
(1019, 'STD017', '20', '24', '1', '1', '2024-09-21', '09:00:00', 'Morning'),
(1018, 'STD016', '20', '24', '1', '1', '2024-09-21', '09:00:00', 'Morning'),
(1017, 'STD014', '20', '24', '1', '1', '2024-09-21', '09:00:00', 'Morning'),
(1016, 'STD013', '20', '24', '1', '1', '2024-09-21', '09:00:00', 'Morning'),
(1015, 'STD012', '20', '24', '1', '0', '2024-09-21', '09:00:00', 'Morning'),
(1014, 'STD015', '20', '24', '1', '1', '2024-09-21', '09:00:00', 'Morning'),
(1013, 'STD004', '20', '24', '1', '0', '2024-09-21', '09:00:00', 'Morning'),
(1012, 'STD003', '20', '24', '1', '0', '2024-09-21', '09:00:00', 'Morning'),
(1011, 'STD020', '17', '23', '1', '0', '2024-09-21', '09:00:00', 'Morning'),
(1010, 'STD015', '17', '23', '1', '0', '2024-09-21', '09:00:00', 'Morning'),
(1009, 'STD004', '17', '23', '1', '0', '2024-09-21', '09:00:00', 'Morning'),
(1008, 'STD003', '17', '23', '1', '0', '2024-09-21', '09:00:00', 'Morning'),
(1007, 'STD004', '19', '22', '1', '0', '2024-09-21', '09:00:00', 'Morning'),
(1006, 'STD003', '19', '22', '1', '1', '2024-09-21', '09:00:00', 'Morning'),
(1005, 'STD020', '19', '22', '1', '0', '2024-09-21', '09:00:00', 'Morning'),
(1004, 'STD019', '19', '22', '1', '0', '2024-09-21', '09:00:00', 'Morning'),
(1003, 'STD018', '19', '22', '1', '0', '2024-09-21', '09:00:00', 'Morning'),
(1002, 'STD017', '19', '22', '1', '0', '2024-09-21', '09:00:00', 'Morning'),
(1001, 'STD016', '19', '22', '1', '0', '2024-09-21', '09:00:00', 'Morning'),
(1000, 'STD015', '19', '22', '1', '0', '2024-09-21', '09:00:00', 'Morning'),
(999, 'STD014', '19', '22', '1', '0', '2024-09-21', '09:00:00', 'Morning'),
(998, 'STD013', '19', '22', '1', '0', '2024-09-21', '09:00:00', 'Morning'),
(997, 'STD012', '19', '22', '1', '0', '2024-09-21', '09:00:00', 'Morning'),
(996, 'STD011', '19', '22', '1', '0', '2024-09-21', '09:00:00', 'Morning'),
(995, 'STD010', '19', '22', '1', '1', '2024-09-21', '09:00:00', 'Morning'),
(994, 'STD009', '19', '22', '1', '1', '2024-09-21', '09:00:00', 'Morning'),
(993, 'STD008', '19', '22', '1', '0', '2024-09-21', '09:00:00', 'Morning'),
(992, 'STD001', '19', '22', '1', '1', '2024-09-21', '09:00:00', 'Morning'),
(991, 'STD002', '19', '22', '1', '1', '2024-09-21', '09:00:00', 'Morning'),
(990, 'STD005', '19', '22', '1', '0', '2024-09-21', '09:00:00', 'Morning'),
(989, 'STD006', '19', '22', '1', '0', '2024-09-21', '09:00:00', 'Morning'),
(988, 'STD007', '19', '22', '1', '0', '2024-09-21', '09:00:00', 'Morning'),
(987, 'STD020', '18', '21', '1', '0', '2024-09-21', '09:00:00', 'Morning'),
(986, 'STD019', '18', '21', '1', '0', '2024-09-21', '09:00:00', 'Morning'),
(985, 'STD018', '18', '21', '1', '0', '2024-09-21', '09:00:00', 'Morning'),
(966, 'STD009', '16', '19', '1', '0', '2024-09-21', '09:00:00', 'Morning'),
(959, 'STD003', '3', '2', '1', '1', '2024-09-21', '09:00:00', 'Morning'),
(958, 'STD005', '3', '2', '1', '0', '2024-09-21', '09:00:00', 'Morning'),
(957, 'STD004', '3', '2', '1', '0', '2024-09-21', '09:00:00', 'Morning'),
(956, 'STD002', '3', '2', '1', '1', '2024-09-21', '09:00:00', 'Morning'),
(955, 'STD001', '3', '2', '1', '0', '2024-09-21', '09:00:00', 'Morning'),
(954, 'STD015', '1', '4', '1', '0', '2024-09-21', '09:00:00', 'Morning'),
(953, 'STD014', '1', '4', '1', '0', '2024-09-21', '09:00:00', 'Morning'),
(952, 'STD013', '1', '4', '1', '0', '2024-09-21', '09:00:00', 'Morning'),
(951, 'STD012', '1', '4', '1', '0', '2024-09-21', '09:00:00', 'Morning'),
(950, 'STD011', '1', '4', '1', '0', '2024-09-21', '09:00:00', 'Morning'),
(984, 'STD011', '18', '21', '1', '0', '2024-09-21', '09:00:00', 'Morning'),
(983, 'STD010', '18', '21', '1', '0', '2024-09-21', '09:00:00', 'Morning'),
(982, 'STD009', '18', '21', '1', '0', '2024-09-21', '09:00:00', 'Morning'),
(981, 'STD008', '18', '21', '1', '0', '2024-09-21', '09:00:00', 'Morning'),
(980, 'STD007', '18', '21', '1', '0', '2024-09-21', '09:00:00', 'Morning'),
(979, 'STD006', '18', '21', '1', '0', '2024-09-21', '09:00:00', 'Morning'),
(978, 'STD002', '18', '21', '1', '0', '2024-09-21', '09:00:00', 'Morning'),
(977, 'STD001', '18', '21', '1', '0', '2024-09-21', '09:00:00', 'Morning'),
(976, 'STD005', '18', '21', '1', '0', '2024-09-21', '09:00:00', 'Morning'),
(975, 'STD019', '16', '19', '1', '0', '2024-09-21', '09:00:00', 'Morning'),
(974, 'STD018', '16', '19', '1', '0', '2024-09-21', '09:00:00', 'Morning'),
(973, 'STD017', '16', '19', '1', '0', '2024-09-21', '09:00:00', 'Morning'),
(972, 'STD016', '16', '19', '1', '0', '2024-09-21', '09:00:00', 'Morning'),
(971, 'STD014', '16', '19', '1', '0', '2024-09-21', '09:00:00', 'Morning'),
(970, 'STD013', '16', '19', '1', '0', '2024-09-21', '09:00:00', 'Morning'),
(969, 'STD012', '16', '19', '1', '0', '2024-09-21', '09:00:00', 'Morning'),
(968, 'STD011', '16', '19', '1', '0', '2024-09-21', '09:00:00', 'Morning'),
(967, 'STD010', '16', '19', '1', '0', '2024-09-21', '09:00:00', 'Morning'),
(1025, 'STD008', '16', '19', '1', '0', '2024-09-22', '09:00:00', 'Morning'),
(1026, 'STD009', '16', '19', '1', '0', '2024-09-22', '09:00:00', 'Morning'),
(1027, 'STD010', '16', '19', '1', '0', '2024-09-22', '09:00:00', 'Morning'),
(1028, 'STD011', '16', '19', '1', '0', '2024-09-22', '09:00:00', 'Morning'),
(1029, 'STD012', '16', '19', '1', '0', '2024-09-22', '09:00:00', 'Morning'),
(1030, 'STD013', '16', '19', '1', '0', '2024-09-22', '09:00:00', 'Morning'),
(1031, 'STD014', '16', '19', '1', '0', '2024-09-22', '09:00:00', 'Morning'),
(1032, 'STD016', '16', '19', '1', '0', '2024-09-22', '09:00:00', 'Morning'),
(1033, 'STD017', '16', '19', '1', '0', '2024-09-22', '09:00:00', 'Morning'),
(1034, 'STD018', '16', '19', '1', '0', '2024-09-22', '09:00:00', 'Morning'),
(1035, 'STD019', '16', '19', '1', '0', '2024-09-22', '09:00:00', 'Morning'),
(1036, 'STD005', '18', '21', '1', '0', '2024-09-22', '09:00:00', 'Morning'),
(1037, 'STD001', '18', '21', '1', '0', '2024-09-22', '09:00:00', 'Morning'),
(1038, 'STD002', '18', '21', '1', '0', '2024-09-22', '09:00:00', 'Morning'),
(1039, 'STD006', '18', '21', '1', '0', '2024-09-22', '09:00:00', 'Morning'),
(1040, 'STD007', '18', '21', '1', '0', '2024-09-22', '09:00:00', 'Morning'),
(1041, 'STD008', '18', '21', '1', '0', '2024-09-22', '09:00:00', 'Morning'),
(1042, 'STD009', '18', '21', '1', '0', '2024-09-22', '09:00:00', 'Morning'),
(1043, 'STD010', '18', '21', '1', '0', '2024-09-22', '09:00:00', 'Morning'),
(1044, 'STD011', '18', '21', '1', '0', '2024-09-22', '09:00:00', 'Morning'),
(1045, 'STD018', '18', '21', '1', '0', '2024-09-22', '09:00:00', 'Morning'),
(1046, 'STD019', '18', '21', '1', '0', '2024-09-22', '09:00:00', 'Morning'),
(1047, 'STD020', '18', '21', '1', '0', '2024-09-22', '09:00:00', 'Morning'),
(1048, 'STD007', '19', '22', '1', '0', '2024-09-22', '09:00:00', 'Morning'),
(1049, 'STD006', '19', '22', '1', '0', '2024-09-22', '09:00:00', 'Morning'),
(1050, 'STD005', '19', '22', '1', '0', '2024-09-22', '09:00:00', 'Morning'),
(1051, 'STD002', '19', '22', '1', '0', '2024-09-22', '09:00:00', 'Morning'),
(1052, 'STD001', '19', '22', '1', '0', '2024-09-22', '09:00:00', 'Morning'),
(1053, 'STD008', '19', '22', '1', '0', '2024-09-22', '09:00:00', 'Morning'),
(1054, 'STD009', '19', '22', '1', '0', '2024-09-22', '09:00:00', 'Morning'),
(1055, 'STD010', '19', '22', '1', '0', '2024-09-22', '09:00:00', 'Morning'),
(1056, 'STD011', '19', '22', '1', '0', '2024-09-22', '09:00:00', 'Morning'),
(1057, 'STD012', '19', '22', '1', '0', '2024-09-22', '09:00:00', 'Morning'),
(1058, 'STD013', '19', '22', '1', '0', '2024-09-22', '09:00:00', 'Morning'),
(1059, 'STD014', '19', '22', '1', '0', '2024-09-22', '09:00:00', 'Morning'),
(1060, 'STD015', '19', '22', '1', '0', '2024-09-22', '09:00:00', 'Morning'),
(1061, 'STD016', '19', '22', '1', '0', '2024-09-22', '09:00:00', 'Morning'),
(1062, 'STD017', '19', '22', '1', '0', '2024-09-22', '09:00:00', 'Morning'),
(1063, 'STD018', '19', '22', '1', '0', '2024-09-22', '09:00:00', 'Morning'),
(1064, 'STD019', '19', '22', '1', '0', '2024-09-22', '09:00:00', 'Morning'),
(1065, 'STD020', '19', '22', '1', '0', '2024-09-22', '09:00:00', 'Morning'),
(1066, 'STD003', '19', '22', '1', '0', '2024-09-22', '09:00:00', 'Morning'),
(1067, 'STD004', '19', '22', '1', '0', '2024-09-22', '09:00:00', 'Morning'),
(1068, 'STD003', '17', '23', '1', '0', '2024-09-22', '09:00:00', 'Morning'),
(1069, 'STD004', '17', '23', '1', '0', '2024-09-22', '09:00:00', 'Morning'),
(1070, 'STD015', '17', '23', '1', '0', '2024-09-22', '09:00:00', 'Morning'),
(1071, 'STD020', '17', '23', '1', '0', '2024-09-22', '09:00:00', 'Morning'),
(1072, 'STD003', '20', '24', '1', '0', '2024-09-22', '09:00:00', 'Morning'),
(1073, 'STD004', '20', '24', '1', '0', '2024-09-22', '09:00:00', 'Morning'),
(1074, 'STD015', '20', '24', '1', '0', '2024-09-22', '09:00:00', 'Morning'),
(1075, 'STD012', '20', '24', '1', '0', '2024-09-22', '09:00:00', 'Morning'),
(1076, 'STD013', '20', '24', '1', '0', '2024-09-22', '09:00:00', 'Morning'),
(1077, 'STD014', '20', '24', '1', '0', '2024-09-22', '09:00:00', 'Morning'),
(1078, 'STD016', '20', '24', '1', '0', '2024-09-22', '09:00:00', 'Morning'),
(1079, 'STD017', '20', '24', '1', '0', '2024-09-22', '09:00:00', 'Morning'),
(1080, 'STD011', '1', '4', '1', '0', '2024-09-23', '09:00:00', 'Morning'),
(1081, 'STD012', '1', '4', '1', '0', '2024-09-23', '09:00:00', 'Morning'),
(1082, 'STD013', '1', '4', '1', '0', '2024-09-23', '09:00:00', 'Morning'),
(1083, 'STD014', '1', '4', '1', '0', '2024-09-23', '09:00:00', 'Morning'),
(1084, 'STD015', '1', '4', '1', '0', '2024-09-23', '09:00:00', 'Morning'),
(1085, 'STD001', '3', '2', '1', '0', '2024-09-23', '09:00:00', 'Morning'),
(1086, 'STD002', '3', '2', '1', '1', '2024-09-23', '09:00:00', 'Morning'),
(1087, 'STD004', '3', '2', '1', '0', '2024-09-23', '09:00:00', 'Morning'),
(1088, 'STD005', '3', '2', '1', '1', '2024-09-23', '09:00:00', 'Morning'),
(1089, 'STD003', '3', '2', '1', '1', '2024-09-23', '09:00:00', 'Morning'),
(1090, 'STD001', '16', '19', '1', '0', '2024-09-23', '09:00:00', 'Morning'),
(1091, 'STD002', '16', '19', '1', '0', '2024-09-23', '09:00:00', 'Morning'),
(1092, 'STD005', '16', '19', '1', '0', '2024-09-23', '09:00:00', 'Morning'),
(1093, 'STD006', '16', '19', '1', '0', '2024-09-23', '09:00:00', 'Morning'),
(1094, 'STD007', '16', '19', '1', '0', '2024-09-23', '09:00:00', 'Morning'),
(1095, 'STD008', '16', '19', '1', '0', '2024-09-23', '09:00:00', 'Morning'),
(1096, 'STD009', '16', '19', '1', '0', '2024-09-23', '09:00:00', 'Morning'),
(1097, 'STD010', '16', '19', '1', '0', '2024-09-23', '09:00:00', 'Morning'),
(1098, 'STD011', '16', '19', '1', '0', '2024-09-23', '09:00:00', 'Morning'),
(1099, 'STD012', '16', '19', '1', '0', '2024-09-23', '09:00:00', 'Morning'),
(1100, 'STD013', '16', '19', '1', '0', '2024-09-23', '09:00:00', 'Morning'),
(1101, 'STD014', '16', '19', '1', '0', '2024-09-23', '09:00:00', 'Morning'),
(1102, 'STD016', '16', '19', '1', '0', '2024-09-23', '09:00:00', 'Morning'),
(1103, 'STD017', '16', '19', '1', '0', '2024-09-23', '09:00:00', 'Morning'),
(1104, 'STD018', '16', '19', '1', '0', '2024-09-23', '09:00:00', 'Morning'),
(1105, 'STD019', '16', '19', '1', '0', '2024-09-23', '09:00:00', 'Morning'),
(1106, 'STD005', '18', '21', '1', '0', '2024-09-23', '09:00:00', 'Morning'),
(1107, 'STD001', '18', '21', '1', '0', '2024-09-23', '09:00:00', 'Morning'),
(1108, 'STD002', '18', '21', '1', '0', '2024-09-23', '09:00:00', 'Morning'),
(1109, 'STD006', '18', '21', '1', '0', '2024-09-23', '09:00:00', 'Morning'),
(1110, 'STD007', '18', '21', '1', '0', '2024-09-23', '09:00:00', 'Morning'),
(1111, 'STD008', '18', '21', '1', '0', '2024-09-23', '09:00:00', 'Morning'),
(1112, 'STD009', '18', '21', '1', '0', '2024-09-23', '09:00:00', 'Morning'),
(1113, 'STD010', '18', '21', '1', '0', '2024-09-23', '09:00:00', 'Morning'),
(1114, 'STD011', '18', '21', '1', '0', '2024-09-23', '09:00:00', 'Morning'),
(1115, 'STD018', '18', '21', '1', '0', '2024-09-23', '09:00:00', 'Morning'),
(1116, 'STD019', '18', '21', '1', '0', '2024-09-23', '09:00:00', 'Morning'),
(1117, 'STD020', '18', '21', '1', '0', '2024-09-23', '09:00:00', 'Morning'),
(1118, 'STD007', '19', '22', '1', '0', '2024-09-23', '09:00:00', 'Morning'),
(1119, 'STD006', '19', '22', '1', '0', '2024-09-23', '09:00:00', 'Morning'),
(1120, 'STD005', '19', '22', '1', '0', '2024-09-23', '09:00:00', 'Morning'),
(1121, 'STD002', '19', '22', '1', '0', '2024-09-23', '09:00:00', 'Morning'),
(1122, 'STD001', '19', '22', '1', '0', '2024-09-23', '09:00:00', 'Morning'),
(1123, 'STD008', '19', '22', '1', '0', '2024-09-23', '09:00:00', 'Morning'),
(1124, 'STD009', '19', '22', '1', '0', '2024-09-23', '09:00:00', 'Morning'),
(1125, 'STD010', '19', '22', '1', '0', '2024-09-23', '09:00:00', 'Morning'),
(1126, 'STD011', '19', '22', '1', '0', '2024-09-23', '09:00:00', 'Morning'),
(1127, 'STD012', '19', '22', '1', '0', '2024-09-23', '09:00:00', 'Morning'),
(1128, 'STD013', '19', '22', '1', '0', '2024-09-23', '09:00:00', 'Morning'),
(1129, 'STD014', '19', '22', '1', '0', '2024-09-23', '09:00:00', 'Morning'),
(1130, 'STD015', '19', '22', '1', '0', '2024-09-23', '09:00:00', 'Morning'),
(1131, 'STD016', '19', '22', '1', '0', '2024-09-23', '09:00:00', 'Morning'),
(1132, 'STD017', '19', '22', '1', '0', '2024-09-23', '09:00:00', 'Morning'),
(1133, 'STD018', '19', '22', '1', '0', '2024-09-23', '09:00:00', 'Morning'),
(1134, 'STD019', '19', '22', '1', '0', '2024-09-23', '09:00:00', 'Morning'),
(1135, 'STD020', '19', '22', '1', '0', '2024-09-23', '09:00:00', 'Morning'),
(1136, 'STD003', '19', '22', '1', '0', '2024-09-23', '09:00:00', 'Morning'),
(1137, 'STD004', '19', '22', '1', '0', '2024-09-23', '09:00:00', 'Morning'),
(1138, 'STD003', '17', '23', '1', '0', '2024-09-23', '09:00:00', 'Morning'),
(1139, 'STD004', '17', '23', '1', '0', '2024-09-23', '09:00:00', 'Morning'),
(1140, 'STD015', '17', '23', '1', '0', '2024-09-23', '09:00:00', 'Morning'),
(1141, 'STD020', '17', '23', '1', '0', '2024-09-23', '09:00:00', 'Morning'),
(1142, 'STD003', '20', '24', '1', '1', '2024-09-23', '09:00:00', 'Morning'),
(1143, 'STD004', '20', '24', '1', '1', '2024-09-23', '09:00:00', 'Morning'),
(1144, 'STD015', '20', '24', '1', '0', '2024-09-23', '09:00:00', 'Morning'),
(1145, 'STD012', '20', '24', '1', '1', '2024-09-23', '09:00:00', 'Morning'),
(1146, 'STD013', '20', '24', '1', '0', '2024-09-23', '09:00:00', 'Morning'),
(1147, 'STD014', '20', '24', '1', '0', '2024-09-23', '09:00:00', 'Morning'),
(1148, 'STD016', '20', '24', '1', '1', '2024-09-23', '09:00:00', 'Morning'),
(1149, 'STD017', '20', '24', '1', '1', '2024-09-23', '09:00:00', 'Morning'),
(1150, 'STD019', '3', '2', '1', '1', '2024-09-23', '09:00:00', 'Morning'),
(1151, 'STD001', '16', '19', '1', '0', '2024-09-26', '09:00:00', 'Morning'),
(1152, 'STD002', '16', '19', '1', '0', '2024-09-26', '09:00:00', 'Morning'),
(1153, 'STD005', '16', '19', '1', '0', '2024-09-26', '09:00:00', 'Morning'),
(1154, 'STD006', '16', '19', '1', '0', '2024-09-26', '09:00:00', 'Morning'),
(1155, 'STD007', '16', '19', '1', '0', '2024-09-26', '09:00:00', 'Morning'),
(1156, 'STD008', '16', '19', '1', '0', '2024-09-26', '09:00:00', 'Morning'),
(1157, 'STD009', '16', '19', '1', '0', '2024-09-26', '09:00:00', 'Morning'),
(1158, 'STD010', '16', '19', '1', '0', '2024-09-26', '09:00:00', 'Morning'),
(1159, 'STD011', '16', '19', '1', '0', '2024-09-26', '09:00:00', 'Morning'),
(1160, 'STD012', '16', '19', '1', '0', '2024-09-26', '09:00:00', 'Morning'),
(1161, 'STD013', '16', '19', '1', '0', '2024-09-26', '09:00:00', 'Morning'),
(1162, 'STD014', '16', '19', '1', '0', '2024-09-26', '09:00:00', 'Morning'),
(1163, 'STD016', '16', '19', '1', '0', '2024-09-26', '09:00:00', 'Morning'),
(1164, 'STD017', '16', '19', '1', '0', '2024-09-26', '09:00:00', 'Morning'),
(1165, 'STD018', '16', '19', '1', '0', '2024-09-26', '09:00:00', 'Morning'),
(1166, 'STD019', '16', '19', '1', '0', '2024-09-26', '09:00:00', 'Morning'),
(1167, 'STD005', '18', '21', '1', '0', '2024-09-26', '09:00:00', 'Morning'),
(1168, 'STD001', '18', '21', '1', '0', '2024-09-26', '09:00:00', 'Morning'),
(1169, 'STD002', '18', '21', '1', '0', '2024-09-26', '09:00:00', 'Morning'),
(1170, 'STD006', '18', '21', '1', '0', '2024-09-26', '09:00:00', 'Morning'),
(1171, 'STD007', '18', '21', '1', '0', '2024-09-26', '09:00:00', 'Morning'),
(1172, 'STD008', '18', '21', '1', '0', '2024-09-26', '09:00:00', 'Morning'),
(1173, 'STD009', '18', '21', '1', '0', '2024-09-26', '09:00:00', 'Morning'),
(1174, 'STD010', '18', '21', '1', '0', '2024-09-26', '09:00:00', 'Morning'),
(1175, 'STD011', '18', '21', '1', '0', '2024-09-26', '09:00:00', 'Morning'),
(1176, 'STD018', '18', '21', '1', '0', '2024-09-26', '09:00:00', 'Morning'),
(1177, 'STD019', '18', '21', '1', '0', '2024-09-26', '09:00:00', 'Morning'),
(1178, 'STD020', '18', '21', '1', '0', '2024-09-26', '09:00:00', 'Morning'),
(1179, 'STD007', '19', '22', '1', '0', '2024-09-26', '09:00:00', 'Morning'),
(1180, 'STD006', '19', '22', '1', '0', '2024-09-26', '09:00:00', 'Morning'),
(1181, 'STD005', '19', '22', '1', '0', '2024-09-26', '09:00:00', 'Morning'),
(1182, 'STD002', '19', '22', '1', '0', '2024-09-26', '09:00:00', 'Morning'),
(1183, 'STD001', '19', '22', '1', '0', '2024-09-26', '09:00:00', 'Morning'),
(1184, 'STD008', '19', '22', '1', '0', '2024-09-26', '09:00:00', 'Morning'),
(1185, 'STD009', '19', '22', '1', '0', '2024-09-26', '09:00:00', 'Morning'),
(1186, 'STD010', '19', '22', '1', '0', '2024-09-26', '09:00:00', 'Morning'),
(1187, 'STD011', '19', '22', '1', '0', '2024-09-26', '09:00:00', 'Morning'),
(1188, 'STD012', '19', '22', '1', '0', '2024-09-26', '09:00:00', 'Morning'),
(1189, 'STD013', '19', '22', '1', '0', '2024-09-26', '09:00:00', 'Morning'),
(1190, 'STD014', '19', '22', '1', '0', '2024-09-26', '09:00:00', 'Morning'),
(1191, 'STD015', '19', '22', '1', '0', '2024-09-26', '09:00:00', 'Morning'),
(1192, 'STD016', '19', '22', '1', '0', '2024-09-26', '09:00:00', 'Morning'),
(1193, 'STD017', '19', '22', '1', '0', '2024-09-26', '09:00:00', 'Morning'),
(1194, 'STD018', '19', '22', '1', '0', '2024-09-26', '09:00:00', 'Morning'),
(1195, 'STD019', '19', '22', '1', '0', '2024-09-26', '09:00:00', 'Morning'),
(1196, 'STD020', '19', '22', '1', '0', '2024-09-26', '09:00:00', 'Morning'),
(1197, 'STD003', '19', '22', '1', '0', '2024-09-26', '09:00:00', 'Morning'),
(1198, 'STD004', '19', '22', '1', '0', '2024-09-26', '09:00:00', 'Morning'),
(1199, 'STD003', '17', '23', '1', '0', '2024-09-26', '09:00:00', 'Morning'),
(1200, 'STD004', '17', '23', '1', '0', '2024-09-26', '09:00:00', 'Morning'),
(1201, 'STD015', '17', '23', '1', '0', '2024-09-26', '09:00:00', 'Morning'),
(1202, 'STD020', '17', '23', '1', '0', '2024-09-26', '09:00:00', 'Morning'),
(1203, 'STD003', '20', '24', '1', '0', '2024-09-26', '09:00:00', 'Morning'),
(1204, 'STD004', '20', '24', '1', '0', '2024-09-26', '09:00:00', 'Morning'),
(1205, 'STD015', '20', '24', '1', '0', '2024-09-26', '09:00:00', 'Morning'),
(1206, 'STD012', '20', '24', '1', '0', '2024-09-26', '09:00:00', 'Morning'),
(1207, 'STD013', '20', '24', '1', '0', '2024-09-26', '09:00:00', 'Morning'),
(1208, 'STD014', '20', '24', '1', '0', '2024-09-26', '09:00:00', 'Morning'),
(1209, 'STD016', '20', '24', '1', '0', '2024-09-26', '09:00:00', 'Morning'),
(1210, 'STD017', '20', '24', '1', '0', '2024-09-26', '09:00:00', 'Morning'),
(1211, 'STD011', '1', '4', '1', '0', '2024-09-26', '09:00:00', 'Morning'),
(1212, 'STD012', '1', '4', '1', '0', '2024-09-26', '09:00:00', 'Morning'),
(1213, 'STD013', '1', '4', '1', '0', '2024-09-26', '09:00:00', 'Morning'),
(1214, 'STD014', '1', '4', '1', '0', '2024-09-26', '09:00:00', 'Morning'),
(1215, 'STD015', '1', '4', '1', '0', '2024-09-26', '09:00:00', 'Morning'),
(1216, 'STD001', '3', '2', '1', '0', '2024-09-26', '09:00:00', 'Morning'),
(1217, 'STD002', '3', '2', '1', '0', '2024-09-26', '09:00:00', 'Morning'),
(1218, 'STD004', '3', '2', '1', '0', '2024-09-26', '09:00:00', 'Morning'),
(1219, 'STD005', '3', '2', '1', '0', '2024-09-26', '09:00:00', 'Morning'),
(1220, 'STD003', '3', '2', '1', '0', '2024-09-26', '09:00:00', 'Morning'),
(1221, 'STD020', '3', '2', '1', '0', '2024-09-26', '09:00:00', 'Morning'),
(1222, 'STD011', '1', '4', '1', '0', '2024-10-02', '09:00:00', 'Morning'),
(1223, 'STD012', '1', '4', '1', '0', '2024-10-02', '09:00:00', 'Morning'),
(1224, 'STD013', '1', '4', '1', '0', '2024-10-02', '09:00:00', 'Morning'),
(1225, 'STD014', '1', '4', '1', '0', '2024-10-02', '09:00:00', 'Morning'),
(1226, 'STD015', '1', '4', '1', '0', '2024-10-02', '09:00:00', 'Morning'),
(1227, 'STD001', '3', '2', '1', '0', '2024-10-02', '09:00:00', 'Morning'),
(1228, 'STD002', '3', '2', '1', '0', '2024-10-02', '09:00:00', 'Morning'),
(1229, 'STD004', '3', '2', '1', '0', '2024-10-02', '09:00:00', 'Morning'),
(1230, 'STD005', '3', '2', '1', '0', '2024-10-02', '09:00:00', 'Morning'),
(1231, 'STD003', '3', '2', '1', '0', '2024-10-02', '09:00:00', 'Morning'),
(1232, 'STD020', '3', '2', '1', '0', '2024-10-02', '09:00:00', 'Morning'),
(1233, 'STD001', '16', '19', '1', '0', '2024-10-02', '09:00:00', 'Morning'),
(1234, 'STD002', '16', '19', '1', '0', '2024-10-02', '09:00:00', 'Morning'),
(1235, 'STD005', '16', '19', '1', '0', '2024-10-02', '09:00:00', 'Morning'),
(1236, 'STD006', '16', '19', '1', '0', '2024-10-02', '09:00:00', 'Morning'),
(1237, 'STD007', '16', '19', '1', '0', '2024-10-02', '09:00:00', 'Morning'),
(1238, 'STD008', '16', '19', '1', '0', '2024-10-02', '09:00:00', 'Morning'),
(1239, 'STD009', '16', '19', '1', '0', '2024-10-02', '09:00:00', 'Morning'),
(1240, 'STD010', '16', '19', '1', '0', '2024-10-02', '09:00:00', 'Morning'),
(1241, 'STD011', '16', '19', '1', '0', '2024-10-02', '09:00:00', 'Morning'),
(1242, 'STD012', '16', '19', '1', '0', '2024-10-02', '09:00:00', 'Morning'),
(1243, 'STD013', '16', '19', '1', '0', '2024-10-02', '09:00:00', 'Morning'),
(1244, 'STD014', '16', '19', '1', '0', '2024-10-02', '09:00:00', 'Morning'),
(1245, 'STD016', '16', '19', '1', '0', '2024-10-02', '09:00:00', 'Morning'),
(1246, 'STD017', '16', '19', '1', '0', '2024-10-02', '09:00:00', 'Morning'),
(1247, 'STD018', '16', '19', '1', '0', '2024-10-02', '09:00:00', 'Morning'),
(1248, 'STD019', '16', '19', '1', '0', '2024-10-02', '09:00:00', 'Morning'),
(1249, 'STD005', '18', '21', '1', '0', '2024-10-02', '09:00:00', 'Morning'),
(1250, 'STD001', '18', '21', '1', '0', '2024-10-02', '09:00:00', 'Morning'),
(1251, 'STD002', '18', '21', '1', '0', '2024-10-02', '09:00:00', 'Morning'),
(1252, 'STD006', '18', '21', '1', '0', '2024-10-02', '09:00:00', 'Morning'),
(1253, 'STD007', '18', '21', '1', '0', '2024-10-02', '09:00:00', 'Morning'),
(1254, 'STD008', '18', '21', '1', '0', '2024-10-02', '09:00:00', 'Morning'),
(1255, 'STD009', '18', '21', '1', '0', '2024-10-02', '09:00:00', 'Morning'),
(1256, 'STD010', '18', '21', '1', '0', '2024-10-02', '09:00:00', 'Morning'),
(1257, 'STD011', '18', '21', '1', '0', '2024-10-02', '09:00:00', 'Morning'),
(1258, 'STD018', '18', '21', '1', '0', '2024-10-02', '09:00:00', 'Morning'),
(1259, 'STD019', '18', '21', '1', '0', '2024-10-02', '09:00:00', 'Morning'),
(1260, 'STD020', '18', '21', '1', '0', '2024-10-02', '09:00:00', 'Morning'),
(1261, 'STD007', '19', '22', '1', '0', '2024-10-02', '09:00:00', 'Morning'),
(1262, 'STD006', '19', '22', '1', '0', '2024-10-02', '09:00:00', 'Morning'),
(1263, 'STD005', '19', '22', '1', '0', '2024-10-02', '09:00:00', 'Morning'),
(1264, 'STD002', '19', '22', '1', '0', '2024-10-02', '09:00:00', 'Morning'),
(1265, 'STD001', '19', '22', '1', '0', '2024-10-02', '09:00:00', 'Morning'),
(1266, 'STD008', '19', '22', '1', '0', '2024-10-02', '09:00:00', 'Morning'),
(1267, 'STD009', '19', '22', '1', '0', '2024-10-02', '09:00:00', 'Morning'),
(1268, 'STD010', '19', '22', '1', '0', '2024-10-02', '09:00:00', 'Morning'),
(1269, 'STD011', '19', '22', '1', '0', '2024-10-02', '09:00:00', 'Morning'),
(1270, 'STD012', '19', '22', '1', '0', '2024-10-02', '09:00:00', 'Morning'),
(1271, 'STD013', '19', '22', '1', '0', '2024-10-02', '09:00:00', 'Morning'),
(1272, 'STD014', '19', '22', '1', '0', '2024-10-02', '09:00:00', 'Morning'),
(1273, 'STD015', '19', '22', '1', '0', '2024-10-02', '09:00:00', 'Morning'),
(1274, 'STD016', '19', '22', '1', '0', '2024-10-02', '09:00:00', 'Morning'),
(1275, 'STD017', '19', '22', '1', '0', '2024-10-02', '09:00:00', 'Morning'),
(1276, 'STD018', '19', '22', '1', '0', '2024-10-02', '09:00:00', 'Morning'),
(1277, 'STD019', '19', '22', '1', '0', '2024-10-02', '09:00:00', 'Morning'),
(1278, 'STD020', '19', '22', '1', '0', '2024-10-02', '09:00:00', 'Morning'),
(1279, 'STD003', '19', '22', '1', '0', '2024-10-02', '09:00:00', 'Morning'),
(1280, 'STD004', '19', '22', '1', '0', '2024-10-02', '09:00:00', 'Morning'),
(1281, 'STD003', '17', '23', '1', '0', '2024-10-02', '09:00:00', 'Morning'),
(1282, 'STD004', '17', '23', '1', '0', '2024-10-02', '09:00:00', 'Morning'),
(1283, 'STD015', '17', '23', '1', '0', '2024-10-02', '09:00:00', 'Morning'),
(1284, 'STD020', '17', '23', '1', '0', '2024-10-02', '09:00:00', 'Morning'),
(1285, 'STD003', '20', '24', '1', '1', '2024-10-02', '09:00:00', 'Morning'),
(1286, 'STD004', '20', '24', '1', '0', '2024-10-02', '09:00:00', 'Morning'),
(1287, 'STD015', '20', '24', '1', '0', '2024-10-02', '09:00:00', 'Morning'),
(1288, 'STD012', '20', '24', '1', '0', '2024-10-02', '09:00:00', 'Morning'),
(1289, 'STD013', '20', '24', '1', '0', '2024-10-02', '09:00:00', 'Morning'),
(1290, 'STD014', '20', '24', '1', '1', '2024-10-02', '09:00:00', 'Morning'),
(1291, 'STD016', '20', '24', '1', '1', '2024-10-02', '09:00:00', 'Morning'),
(1292, 'STD017', '20', '24', '1', '1', '2024-10-02', '09:00:00', 'Morning'),
(1357, 'STD001', '16', '19', '1', '0', '2024-10-04', '09:00:00', 'Morning'),
(1358, 'STD002', '16', '19', '1', '0', '2024-10-04', '09:00:00', 'Morning'),
(1359, 'STD005', '16', '19', '1', '0', '2024-10-04', '09:00:00', 'Morning'),
(1360, 'STD006', '16', '19', '1', '0', '2024-10-04', '09:00:00', 'Morning'),
(1361, 'STD007', '16', '19', '1', '0', '2024-10-04', '09:00:00', 'Morning'),
(1362, 'STD008', '16', '19', '1', '0', '2024-10-04', '09:00:00', 'Morning'),
(1363, 'STD009', '16', '19', '1', '0', '2024-10-04', '09:00:00', 'Morning'),
(1364, 'STD010', '16', '19', '1', '0', '2024-10-04', '09:00:00', 'Morning'),
(1365, 'STD011', '16', '19', '1', '0', '2024-10-04', '09:00:00', 'Morning'),
(1366, 'STD012', '16', '19', '1', '0', '2024-10-04', '09:00:00', 'Morning'),
(1367, 'STD013', '16', '19', '1', '0', '2024-10-04', '09:00:00', 'Morning'),
(1368, 'STD014', '16', '19', '1', '0', '2024-10-04', '09:00:00', 'Morning'),
(1369, 'STD016', '16', '19', '1', '0', '2024-10-04', '09:00:00', 'Morning'),
(1370, 'STD017', '16', '19', '1', '0', '2024-10-04', '09:00:00', 'Morning'),
(1371, 'STD018', '16', '19', '1', '0', '2024-10-04', '09:00:00', 'Morning'),
(1372, 'STD019', '16', '19', '1', '0', '2024-10-04', '09:00:00', 'Morning'),
(1373, 'STD005', '18', '21', '1', '0', '2024-10-04', '09:00:00', 'Morning'),
(1374, 'STD001', '18', '21', '1', '0', '2024-10-04', '09:00:00', 'Morning'),
(1375, 'STD002', '18', '21', '1', '0', '2024-10-04', '09:00:00', 'Morning'),
(1376, 'STD006', '18', '21', '1', '0', '2024-10-04', '09:00:00', 'Morning'),
(1377, 'STD007', '18', '21', '1', '0', '2024-10-04', '09:00:00', 'Morning'),
(1378, 'STD008', '18', '21', '1', '0', '2024-10-04', '09:00:00', 'Morning'),
(1379, 'STD009', '18', '21', '1', '0', '2024-10-04', '09:00:00', 'Morning'),
(1380, 'STD010', '18', '21', '1', '0', '2024-10-04', '09:00:00', 'Morning'),
(1381, 'STD011', '18', '21', '1', '0', '2024-10-04', '09:00:00', 'Morning'),
(1382, 'STD018', '18', '21', '1', '0', '2024-10-04', '09:00:00', 'Morning'),
(1383, 'STD019', '18', '21', '1', '0', '2024-10-04', '09:00:00', 'Morning'),
(1384, 'STD020', '18', '21', '1', '0', '2024-10-04', '09:00:00', 'Morning'),
(1385, 'STD003', '20', '24', '1', '0', '2024-10-04', '09:00:00', 'Morning'),
(1386, 'STD004', '20', '24', '1', '0', '2024-10-04', '09:00:00', 'Morning'),
(1387, 'STD015', '20', '24', '1', '0', '2024-10-04', '09:00:00', 'Morning'),
(1388, 'STD012', '20', '24', '1', '0', '2024-10-04', '09:00:00', 'Morning'),
(1389, 'STD013', '20', '24', '1', '0', '2024-10-04', '09:00:00', 'Morning'),
(1390, 'STD014', '20', '24', '1', '0', '2024-10-04', '09:00:00', 'Morning'),
(1391, 'STD016', '20', '24', '1', '0', '2024-10-04', '09:00:00', 'Morning'),
(1392, 'STD017', '20', '24', '1', '0', '2024-10-04', '09:00:00', 'Morning'),
(1393, 'STD003', '20', '24', '1', '0', '2024-10-05', '09:00:00', 'Morning'),
(1394, 'STD004', '20', '24', '1', '0', '2024-10-05', '09:00:00', 'Morning'),
(1395, 'STD015', '20', '24', '1', '0', '2024-10-05', '09:00:00', 'Morning'),
(1396, 'STD012', '20', '24', '1', '0', '2024-10-05', '09:00:00', 'Morning'),
(1397, 'STD013', '20', '24', '1', '0', '2024-10-05', '09:00:00', 'Morning'),
(1398, 'STD014', '20', '24', '1', '0', '2024-10-05', '09:00:00', 'Morning'),
(1399, 'STD016', '20', '24', '1', '0', '2024-10-05', '09:00:00', 'Morning'),
(1400, 'STD017', '20', '24', '1', '0', '2024-10-05', '09:00:00', 'Morning'),
(1457, 'STD007', '19', '22', '1', '0', '2024-10-05', '09:00:00', 'Morning'),
(1458, 'STD006', '19', '22', '1', '0', '2024-10-05', '09:00:00', 'Morning'),
(1459, 'STD005', '19', '22', '1', '0', '2024-10-05', '09:00:00', 'Morning'),
(1460, 'STD002', '19', '22', '1', '1', '2024-10-05', '09:00:00', 'Morning'),
(1461, 'STD001', '19', '22', '1', '1', '2024-10-05', '09:00:00', 'Morning'),
(1462, 'STD008', '19', '22', '1', '0', '2024-10-05', '09:00:00', 'Morning'),
(1463, 'STD009', '19', '22', '1', '0', '2024-10-05', '09:00:00', 'Morning'),
(1464, 'STD010', '19', '22', '1', '0', '2024-10-05', '09:00:00', 'Morning'),
(1465, 'STD011', '19', '22', '1', '0', '2024-10-05', '09:00:00', 'Morning'),
(1466, 'STD012', '19', '22', '1', '0', '2024-10-05', '09:00:00', 'Morning'),
(1467, 'STD013', '19', '22', '1', '0', '2024-10-05', '09:00:00', 'Morning'),
(1468, 'STD014', '19', '22', '1', '0', '2024-10-05', '09:00:00', 'Morning'),
(1469, 'STD015', '19', '22', '1', '0', '2024-10-05', '09:00:00', 'Morning'),
(1470, 'STD016', '19', '22', '1', '0', '2024-10-05', '09:00:00', 'Morning'),
(1471, 'STD017', '19', '22', '1', '0', '2024-10-05', '09:00:00', 'Morning'),
(1472, 'STD018', '19', '22', '1', '0', '2024-10-05', '09:00:00', 'Morning'),
(1473, 'STD019', '19', '22', '1', '0', '2024-10-05', '09:00:00', 'Morning'),
(1474, 'STD020', '19', '22', '1', '0', '2024-10-05', '09:00:00', 'Morning'),
(1475, 'STD003', '19', '22', '1', '0', '2024-10-05', '09:00:00', 'Morning'),
(1476, 'STD004', '19', '22', '1', '0', '2024-10-05', '09:00:00', 'Morning'),
(1477, 'STD001', '3', '2', '1', '1', '2024-10-05', '09:00:00', 'Morning'),
(1478, 'STD002', '3', '2', '1', '1', '2024-10-05', '09:00:00', 'Morning'),
(1479, 'STD004', '3', '2', '1', '0', '2024-10-05', '09:00:00', 'Morning'),
(1480, 'STD005', '3', '2', '1', '0', '2024-10-05', '09:00:00', 'Morning'),
(1481, 'STD003', '3', '2', '1', '0', '2024-10-05', '09:00:00', 'Morning'),
(1771, 'STD015', '1', '4', '1', '0', '2024-10-06', '09:00:00', 'Morning'),
(1770, 'STD014', '1', '4', '1', '0', '2024-10-06', '09:00:00', 'Morning'),
(1769, 'STD013', '1', '4', '1', '0', '2024-10-06', '09:00:00', 'Morning'),
(1744, 'STD002', '3', '2', '1', '1', '2024-10-06', '09:00:00', 'Morning'),
(1767, 'STD011', '1', '4', '1', '1', '2024-10-06', '09:00:00', 'Morning'),
(1748, 'STD001', '3', '2', '1', '1', '2024-10-06', '09:00:00', 'Morning'),
(1749, 'STD004', '3', '2', '1', '0', '2024-10-06', '09:00:00', 'Morning'),
(1750, 'STD005', '3', '2', '1', '0', '2024-10-06', '09:00:00', 'Morning'),
(1751, 'STD003', '3', '2', '1', '1', '2024-10-06', '09:00:00', 'Morning'),
(1768, 'STD012', '1', '4', '1', '0', '2024-10-06', '09:00:00', 'Morning'),
(1782, 'STD001', '3', '2', '1', '1', '2024-10-07', '18:42:38', 'Morning'),
(1783, 'STD002', '3', '2', '1', '1', '2024-10-07', '09:00:00', 'Morning'),
(1784, 'STD004', '3', '2', '1', '0', '2024-10-07', '09:00:00', 'Morning'),
(1785, 'STD005', '3', '2', '1', '0', '2024-10-07', '09:00:00', 'Morning'),
(1786, 'STD003', '3', '2', '1', '0', '2024-10-07', '09:00:00', 'Morning'),
(2070, 'STD005', '3', '2', '1', '0', '2024-10-09', '00:00:00', 'Morning'),
(2066, 'STD003', '3', '2', '1', '1', '2024-10-09', '02:16:20', 'Morning'),
(2067, 'STD001', '3', '2', '1', '1', '2024-10-09', '02:17:08', 'Morning'),
(2068, 'STD002', '3', '2', '1', '0', '2024-10-09', '00:00:00', 'Morning'),
(2069, 'STD004', '3', '2', '1', '0', '2024-10-09', '00:00:00', 'Morning'),
(2071, 'STD011', '1', '4', '1', '0', '2024-10-12', '00:00:00', 'Morning'),
(2072, 'STD012', '1', '4', '1', '0', '2024-10-12', '00:00:00', 'Morning'),
(2073, 'STD013', '1', '4', '1', '0', '2024-10-12', '00:00:00', 'Morning'),
(2074, 'STD014', '1', '4', '1', '0', '2024-10-12', '00:00:00', 'Morning'),
(2075, 'STD015', '1', '4', '1', '0', '2024-10-12', '00:00:00', 'Morning'),
(2076, 'STD001', '3', '2', '1', '1', '2024-10-14', '09:59:07', 'Morning'),
(2077, 'STD002', '3', '2', '1', '0', '2024-10-14', '00:00:00', 'Morning'),
(2078, 'STD004', '3', '2', '1', '0', '2024-10-14', '00:00:00', 'Morning'),
(2079, 'STD005', '3', '2', '1', '0', '2024-10-14', '00:00:00', 'Morning'),
(2080, 'STD003', '3', '2', '1', '0', '2024-10-14', '00:00:00', 'Morning'),
(2081, 'STD001', '3', '2', '1', '1', '2024-10-15', '14:35:00', 'Morning'),
(2082, 'STD002', '3', '2', '1', '0', '2024-10-15', '00:00:00', 'Morning'),
(2083, 'STD004', '3', '2', '1', '0', '2024-10-15', '00:00:00', 'Morning'),
(2084, 'STD005', '3', '2', '1', '0', '2024-10-15', '00:00:00', 'Morning'),
(2085, 'STD003', '3', '2', '1', '0', '2024-10-15', '00:00:00', 'Morning'),
(2086, 'STD021', '3', '2', '1', '1', '2024-10-15', '14:49:07', 'Morning'),
(2087, 'STD003', '20', '24', '1', '1', '2024-10-17', '12:16:52', 'Morning'),
(2088, 'STD004', '20', '24', '1', '0', '2024-10-17', '00:00:00', 'Morning'),
(2089, 'STD015', '20', '24', '1', '1', '2024-10-17', '12:17:00', 'Morning'),
(2090, 'STD012', '20', '24', '1', '1', '2024-10-17', '12:18:15', 'Morning'),
(2091, 'STD013', '20', '24', '1', '0', '2024-10-17', '00:00:00', 'Morning'),
(2092, 'STD014', '20', '24', '1', '1', '2024-10-17', '12:17:59', 'Morning'),
(2093, 'STD016', '20', '24', '1', '1', '2024-10-17', '12:18:06', 'Morning'),
(2094, 'STD017', '20', '24', '1', '0', '2024-10-17', '00:00:00', 'Morning'),
(2095, 'STD001', '3', '2', '1', '1', '2024-10-17', '12:20:11', 'Morning'),
(2096, 'STD002', '3', '2', '1', '1', '2024-10-17', '12:20:31', 'Morning'),
(2097, 'STD004', '3', '2', '1', '0', '2024-10-17', '00:00:00', 'Morning'),
(2098, 'STD005', '3', '2', '1', '0', '2024-10-17', '00:00:00', 'Morning'),
(2099, 'STD003', '3', '2', '1', '1', '2024-10-17', '12:20:37', 'Morning'),
(2100, 'STD021', '3', '2', '1', '1', '2024-10-17', '12:33:28', 'Morning'),
(2101, 'STD007', '19', '22', '1', '0', '2024-10-17', '00:00:00', 'Morning'),
(2102, 'STD006', '19', '22', '1', '0', '2024-10-17', '00:00:00', 'Morning'),
(2103, 'STD005', '19', '22', '1', '0', '2024-10-17', '00:00:00', 'Morning'),
(2104, 'STD002', '19', '22', '1', '1', '2024-10-17', '12:44:21', 'Morning'),
(2105, 'STD001', '19', '22', '1', '0', '2024-10-17', '00:00:00', 'Morning'),
(2106, 'STD008', '19', '22', '1', '0', '2024-10-17', '00:00:00', 'Morning'),
(2107, 'STD009', '19', '22', '1', '0', '2024-10-17', '00:00:00', 'Morning'),
(2108, 'STD010', '19', '22', '1', '0', '2024-10-17', '00:00:00', 'Morning'),
(2109, 'STD011', '19', '22', '1', '0', '2024-10-17', '00:00:00', 'Morning'),
(2110, 'STD012', '19', '22', '1', '0', '2024-10-17', '00:00:00', 'Morning'),
(2111, 'STD013', '19', '22', '1', '0', '2024-10-17', '00:00:00', 'Morning'),
(2112, 'STD014', '19', '22', '1', '0', '2024-10-17', '00:00:00', 'Morning'),
(2113, 'STD015', '19', '22', '1', '0', '2024-10-17', '00:00:00', 'Morning'),
(2114, 'STD016', '19', '22', '1', '0', '2024-10-17', '00:00:00', 'Morning'),
(2115, 'STD017', '19', '22', '1', '0', '2024-10-17', '00:00:00', 'Morning'),
(2116, 'STD018', '19', '22', '1', '0', '2024-10-17', '00:00:00', 'Morning'),
(2117, 'STD019', '19', '22', '1', '0', '2024-10-17', '00:00:00', 'Morning'),
(2118, 'STD020', '19', '22', '1', '0', '2024-10-17', '00:00:00', 'Morning'),
(2119, 'STD003', '19', '22', '1', '0', '2024-10-17', '00:00:00', 'Morning'),
(2120, 'STD004', '19', '22', '1', '0', '2024-10-17', '00:00:00', 'Morning'),
(2121, 'STD011', '1', '4', '1', '0', '2024-10-17', '00:00:00', 'Morning'),
(2122, 'STD012', '1', '4', '1', '0', '2024-10-17', '00:00:00', 'Morning'),
(2123, 'STD013', '1', '4', '1', '0', '2024-10-17', '00:00:00', 'Morning'),
(2124, 'STD014', '1', '4', '1', '0', '2024-10-17', '00:00:00', 'Morning'),
(2125, 'STD015', '1', '4', '1', '0', '2024-10-17', '00:00:00', 'Morning'),
(2126, 'STD001', '3', '2', '1', '1', '2024-10-18', '09:05:50', 'Morning'),
(2127, 'STD002', '3', '2', '1', '0', '2024-10-18', '00:00:00', 'Morning'),
(2128, 'STD004', '3', '2', '1', '0', '2024-10-18', '00:00:00', 'Morning'),
(2129, 'STD005', '3', '2', '1', '1', '2024-10-18', '09:06:09', 'Morning'),
(2130, 'STD003', '3', '2', '1', '0', '2024-10-18', '00:00:00', 'Morning'),
(2131, 'STD021', '3', '2', '1', '1', '2024-10-18', '09:05:56', 'Morning'),
(2132, 'STD003', '20', '24', '1', '1', '2024-10-18', '09:08:40', 'Morning'),
(2133, 'STD004', '20', '24', '1', '1', '2024-10-18', '09:08:46', 'Morning'),
(2134, 'STD015', '20', '24', '1', '1', '2024-10-18', '09:09:18', 'Morning'),
(2135, 'STD012', '20', '24', '1', '1', '2024-10-18', '09:08:54', 'Morning'),
(2136, 'STD013', '20', '24', '1', '0', '2024-10-18', '00:00:00', 'Morning'),
(2137, 'STD014', '20', '24', '1', '1', '2024-10-18', '09:09:08', 'Morning'),
(2138, 'STD016', '20', '24', '1', '0', '2024-10-18', '00:00:00', 'Morning'),
(2139, 'STD017', '20', '24', '1', '0', '2024-10-18', '00:00:00', 'Morning'),
(2140, 'STD011', '1', '4', '1', '0', '2024-10-18', '00:00:00', 'Morning'),
(2141, 'STD012', '1', '4', '1', '1', '2024-10-18', '17:22:54', 'Morning'),
(2142, 'STD013', '1', '4', '1', '0', '2024-10-18', '00:00:00', 'Morning'),
(2143, 'STD014', '1', '4', '1', '0', '2024-10-18', '00:00:00', 'Morning'),
(2144, 'STD015', '1', '4', '1', '0', '2024-10-18', '00:00:00', 'Morning'),
(2145, 'STD007', '19', '22', '1', '0', '2024-10-18', '00:00:00', 'Morning'),
(2146, 'STD006', '19', '22', '1', '0', '2024-10-18', '00:00:00', 'Morning'),
(2147, 'STD005', '19', '22', '1', '0', '2024-10-18', '00:00:00', 'Morning'),
(2148, 'STD002', '19', '22', '1', '0', '2024-10-18', '00:00:00', 'Morning'),
(2149, 'STD001', '19', '22', '1', '0', '2024-10-18', '00:00:00', 'Morning'),
(2150, 'STD008', '19', '22', '1', '0', '2024-10-18', '00:00:00', 'Morning'),
(2151, 'STD009', '19', '22', '1', '0', '2024-10-18', '00:00:00', 'Morning'),
(2152, 'STD010', '19', '22', '1', '0', '2024-10-18', '00:00:00', 'Morning'),
(2153, 'STD011', '19', '22', '1', '0', '2024-10-18', '00:00:00', 'Morning'),
(2154, 'STD012', '19', '22', '1', '0', '2024-10-18', '00:00:00', 'Morning'),
(2155, 'STD013', '19', '22', '1', '0', '2024-10-18', '00:00:00', 'Morning'),
(2156, 'STD014', '19', '22', '1', '0', '2024-10-18', '00:00:00', 'Morning'),
(2157, 'STD015', '19', '22', '1', '0', '2024-10-18', '00:00:00', 'Morning'),
(2158, 'STD016', '19', '22', '1', '0', '2024-10-18', '00:00:00', 'Morning'),
(2159, 'STD017', '19', '22', '1', '0', '2024-10-18', '00:00:00', 'Morning'),
(2160, 'STD018', '19', '22', '1', '0', '2024-10-18', '00:00:00', 'Morning'),
(2161, 'STD019', '19', '22', '1', '0', '2024-10-18', '00:00:00', 'Morning'),
(2162, 'STD020', '19', '22', '1', '0', '2024-10-18', '00:00:00', 'Morning'),
(2163, 'STD003', '19', '22', '1', '0', '2024-10-18', '00:00:00', 'Morning'),
(2164, 'STD004', '19', '22', '1', '0', '2024-10-18', '00:00:00', 'Morning'),
(2165, 'STD001', '16', '19', '1', '1', '2024-10-18', '17:34:03', 'Morning'),
(2166, 'STD002', '16', '19', '1', '0', '2024-10-18', '00:00:00', 'Morning'),
(2167, 'STD005', '16', '19', '1', '0', '2024-10-18', '00:00:00', 'Morning'),
(2168, 'STD006', '16', '19', '1', '0', '2024-10-18', '00:00:00', 'Morning'),
(2169, 'STD007', '16', '19', '1', '0', '2024-10-18', '00:00:00', 'Morning'),
(2170, 'STD008', '16', '19', '1', '0', '2024-10-18', '00:00:00', 'Morning'),
(2171, 'STD009', '16', '19', '1', '0', '2024-10-18', '00:00:00', 'Morning'),
(2172, 'STD010', '16', '19', '1', '0', '2024-10-18', '00:00:00', 'Morning'),
(2173, 'STD011', '16', '19', '1', '0', '2024-10-18', '00:00:00', 'Morning'),
(2174, 'STD012', '16', '19', '1', '0', '2024-10-18', '00:00:00', 'Morning'),
(2175, 'STD013', '16', '19', '1', '0', '2024-10-18', '00:00:00', 'Morning'),
(2176, 'STD014', '16', '19', '1', '0', '2024-10-18', '00:00:00', 'Morning'),
(2177, 'STD016', '16', '19', '1', '0', '2024-10-18', '00:00:00', 'Morning'),
(2178, 'STD017', '16', '19', '1', '0', '2024-10-18', '00:00:00', 'Morning'),
(2179, 'STD018', '16', '19', '1', '0', '2024-10-18', '00:00:00', 'Morning'),
(2180, 'STD019', '16', '19', '1', '0', '2024-10-18', '00:00:00', 'Morning'),
(2181, 'STD001', '3', '2', '1', '1', '2024-10-22', '09:34:45', 'Morning'),
(2182, 'STD002', '3', '2', '1', '1', '2024-10-22', '09:34:55', 'Morning'),
(2183, 'STD004', '3', '2', '1', '1', '2024-10-22', '09:35:02', 'Morning'),
(2184, 'STD005', '3', '2', '1', '0', '2024-10-22', '00:00:00', 'Morning'),
(2185, 'STD003', '3', '2', '1', '0', '2024-10-22', '00:00:00', 'Morning'),
(2186, 'STD021', '3', '2', '1', '1', '2024-10-22', '09:35:13', 'Morning'),
(2187, 'STD001', '3', '2', '1', '0', '2024-10-23', '00:00:00', 'Morning'),
(2188, 'STD002', '3', '2', '1', '0', '2024-10-23', '00:00:00', 'Morning'),
(2189, 'STD004', '3', '2', '1', '1', '2024-10-23', '09:17:01', 'Morning'),
(2190, 'STD005', '3', '2', '1', '1', '2024-10-23', '09:17:11', 'Morning'),
(2191, 'STD003', '3', '2', '1', '0', '2024-10-23', '00:00:00', 'Morning'),
(2192, 'STD021', '3', '2', '1', '1', '2024-10-23', '09:15:29', 'Morning'),
(2193, 'STD003', '17', '23', '1', '0', '2024-10-23', '00:00:00', 'Morning'),
(2194, 'STD004', '17', '23', '1', '1', '2024-10-23', '09:23:24', 'Morning'),
(2195, 'STD015', '17', '23', '1', '1', '2024-10-23', '09:23:30', 'Morning'),
(2196, 'STD020', '17', '23', '1', '0', '2024-10-23', '00:00:00', 'Morning'),
(2197, 'STD005', '18', '21', '1', '1', '2024-10-23', '09:27:49', 'Morning'),
(2198, 'STD001', '18', '21', '1', '1', '2024-10-23', '09:27:39', 'Morning'),
(2199, 'STD002', '18', '21', '1', '1', '2024-10-23', '09:27:32', 'Morning'),
(2200, 'STD006', '18', '21', '1', '1', '2024-10-23', '09:27:56', 'Morning'),
(2201, 'STD007', '18', '21', '1', '1', '2024-10-23', '09:28:59', 'Morning'),
(2202, 'STD008', '18', '21', '1', '1', '2024-10-23', '09:29:05', 'Morning'),
(2203, 'STD009', '18', '21', '1', '1', '2024-10-23', '09:28:19', 'Morning'),
(2204, 'STD010', '18', '21', '1', '1', '2024-10-23', '09:28:03', 'Morning'),
(2205, 'STD011', '18', '21', '1', '0', '2024-10-23', '00:00:00', 'Morning'),
(2206, 'STD018', '18', '21', '1', '0', '2024-10-23', '00:00:00', 'Morning'),
(2207, 'STD019', '18', '21', '1', '0', '2024-10-23', '00:00:00', 'Morning'),
(2208, 'STD020', '18', '21', '1', '1', '2024-10-23', '09:30:07', 'Morning'),
(2209, 'STD021', '18', '21', '1', '1', '2024-10-23', '09:30:00', 'Morning'),
(2210, 'STD003', '20', '24', '1', '1', '2024-10-23', '10:57:28', 'Morning'),
(2211, 'STD004', '20', '24', '1', '1', '2024-10-23', '11:00:33', 'Morning'),
(2212, 'STD015', '20', '24', '1', '0', '2024-10-23', '00:00:00', 'Morning'),
(2213, 'STD012', '20', '24', '1', '0', '2024-10-23', '00:00:00', 'Morning'),
(2214, 'STD013', '20', '24', '1', '0', '2024-10-23', '00:00:00', 'Morning'),
(2215, 'STD014', '20', '24', '1', '0', '2024-10-23', '00:00:00', 'Morning'),
(2216, 'STD016', '20', '24', '1', '0', '2024-10-23', '00:00:00', 'Morning'),
(2217, 'STD017', '20', '24', '1', '0', '2024-10-23', '00:00:00', 'Morning'),
(2218, 'STD001', '3', '2', '5', '1', '2024-10-24', '13:46:52', 'Evening'),
(2219, 'STD002', '3', '2', '5', '0', '2024-10-24', '00:00:00', 'Evening'),
(2220, 'STD004', '3', '2', '5', '0', '2024-10-24', '00:00:00', 'Evening'),
(2221, 'STD005', '3', '2', '5', '0', '2024-10-24', '00:00:00', 'Evening'),
(2222, 'STD003', '3', '2', '5', '0', '2024-10-24', '00:00:00', 'Evening'),
(2223, 'STD021', '3', '2', '5', '0', '2024-10-24', '00:00:00', 'Evening'),
(2224, 'STD001', '3', '2', '5', '1', '2024-10-24', '13:48:07', 'Morning'),
(2225, 'STD002', '3', '2', '5', '0', '2024-10-24', '00:00:00', 'Morning'),
(2226, 'STD004', '3', '2', '5', '0', '2024-10-24', '00:00:00', 'Morning'),
(2227, 'STD005', '3', '2', '5', '0', '2024-10-24', '00:00:00', 'Morning'),
(2228, 'STD003', '3', '2', '5', '0', '2024-10-24', '00:00:00', 'Morning'),
(2229, 'STD021', '3', '2', '5', '0', '2024-10-24', '00:00:00', 'Morning');

-- --------------------------------------------------------

--
-- Table structure for table `tblclass`
--

CREATE TABLE `tblclass` (
  `Id` int(10) NOT NULL,
  `className` varchar(255) NOT NULL
) ENGINE=MyISAM DEFAULT CHARSET=latin1 COLLATE=latin1_swedish_ci;

--
-- Dumping data for table `tblclass`
--

INSERT INTO `tblclass` (`Id`, `className`) VALUES
(1, '(Level 3) Operation of Computer System / IT-020-3:2023'),
(3, '(Level 4) Computer Systems Administration / IT-020-4:2023'),
(4, '(Level 2) Electrical Assembly & Maintenance  1 Phase / F432-005-2:2023'),
(6, '(Level 3) Electrical Assembly & Maintenance  3 Phase / EE-320-3:2023'),
(19, 'Jabatan Perkhidmatan Awam (JPAM)'),
(16, 'Tafsir Ibadah'),
(17, 'Pendidikan Moral'),
(18, 'Football'),
(20, 'Badminton');

-- --------------------------------------------------------

--
-- Table structure for table `tblclassarms`
--

CREATE TABLE `tblclassarms` (
  `Id` int(10) NOT NULL,
  `classId` varchar(10) NOT NULL,
  `classArmName` varchar(255) NOT NULL,
  `isAssigned` varchar(10) NOT NULL
) ENGINE=MyISAM DEFAULT CHARSET=latin1 COLLATE=latin1_swedish_ci;

--
-- Dumping data for table `tblclassarms`
--

INSERT INTO `tblclassarms` (`Id`, `classId`, `classArmName`, `isAssigned`) VALUES
(2, '3', 'Computer System - 02', '1'),
(4, '1', 'Computer System - 01', '1'),
(5, '4', 'Electric - 01', '0'),
(6, '6', 'Electric - 02', '0'),
(19, '16', 'Co-Curricular - 02', '1'),
(21, '18', 'Co-Curricular - 04', '1'),
(22, '19', 'Co-Curricular - 01', '1'),
(23, '17', 'Co-Curricular - 03', '1'),
(24, '20', 'Co-Curricular - 05', '0');

-- --------------------------------------------------------

--
-- Table structure for table `tblclassteacher`
--

CREATE TABLE `tblclassteacher` (
  `Id` int(10) NOT NULL,
  `firstName` varchar(255) NOT NULL,
  `lastName` varchar(255) NOT NULL,
  `emailAddress` varchar(255) NOT NULL,
  `password` varchar(255) NOT NULL,
  `phoneNo` varchar(50) NOT NULL,
  `classId` varchar(10) NOT NULL,
  `classArmId` varchar(10) NOT NULL,
  `dateCreated` varchar(50) NOT NULL,
  `role` varchar(10) DEFAULT NULL
) ENGINE=MyISAM DEFAULT CHARSET=latin1 COLLATE=latin1_swedish_ci;

--
-- Dumping data for table `tblclassteacher`
--

INSERT INTO `tblclassteacher` (`Id`, `firstName`, `lastName`, `emailAddress`, `password`, `phoneNo`, `classId`, `classArmId`, `dateCreated`, `role`) VALUES
(4, 'FATIN', 'SYAKIRAH', 'fatin@gmail.com', '32250170a0dca92d53ec9624f336ca24', '013-2170180', '1', '4', '2024-07-24', 'HEA'),
(5, 'FATIN', 'SYAKIRAH', 'fatin@gmail.com', '32250170a0dca92d53ec9624f336ca24', '013-2170180', '3', '2', '2024-07-24', 'HEA'),
(6, 'AHMAD', 'FAZLI', 'fazli@gmail.com', '32250170a0dca92d53ec9624f336ca24', '011-0987765', '4', '5', '2024-07-24', 'HEA'),
(11, 'AHMAD', 'FAZLI', 'fazli@gmail.com', '32250170a0dca92d53ec9624f336ca24', '011-0987765', '6', '6', '2024-07-27', 'HEA'),
(16, 'MUHAMMAD', 'ROSMAN', 'rosman@gmail.com', '32250170a0dca92d53ec9624f336ca24', '013-9876123', '16', '19', '2024-07-30', 'HEP'),
(18, 'MUHAMMAD', 'ROSMAN', 'rosman@gmail.com', '32250170a0dca92d53ec9624f336ca24', '013-9876123', '18', '21', '2024-07-30', 'HEP'),
(20, 'MUHAMMAD', 'ROSMAN', 'rosman@gmail.com', '32250170a0dca92d53ec9624f336ca24', '013-9876123', '19', '22', '2024-07-30', 'HEP'),
(21, 'MUHAMMAD', 'ROSMAN', 'rosman@gmail.com', '32250170a0dca92d53ec9624f336ca24', '013-9876123', '17', '23', '2024-09-21', 'HEP'),
(22, 'MUHAMMAD', 'ROSMAN', 'rosman@gmail.com', '32250170a0dca92d53ec9624f336ca24', '013-9876123', '20', '24', '2024-09-21', 'HEP'),
(30, 'luqman', 'bin hakim', 'luqman@gmail.com', '32250170a0dca92d53ec9624f336ca24', '019-9092965', '26', '28', '2024-10-18', 'HEA');

-- --------------------------------------------------------

--
-- Table structure for table `tblsessionterm`
--

CREATE TABLE `tblsessionterm` (
  `Id` int(10) NOT NULL,
  `sessionName` varchar(50) NOT NULL,
  `termId` varchar(50) NOT NULL,
  `isActive` varchar(10) NOT NULL,
  `dateCreated` varchar(50) NOT NULL
) ENGINE=MyISAM DEFAULT CHARSET=latin1 COLLATE=latin1_swedish_ci;

--
-- Dumping data for table `tblsessionterm`
--

INSERT INTO `tblsessionterm` (`Id`, `sessionName`, `termId`, `isActive`, `dateCreated`) VALUES
(1, '2023/2024', '1', '0', '2024-07-24'),
(5, '2023/2024', '2', '1', '2024-07-27'),
(6, '2023/2024', '3', '0', '2024-07-27'),
(8, '2023/2024', '4', '0', '2024-07-27');

-- --------------------------------------------------------

--
-- Table structure for table `tblstudents`
--

CREATE TABLE `tblstudents` (
  `Id` int(10) NOT NULL,
  `firstName` varchar(255) NOT NULL,
  `lastName` varchar(255) NOT NULL,
  `otherName` varchar(255) NOT NULL,
  `admissionNumber` varchar(255) NOT NULL,
  `password` varchar(50) NOT NULL,
  `classId` varchar(10) NOT NULL,
  `classArmId` varchar(10) NOT NULL,
  `dateCreated` varchar(50) NOT NULL,
  `email` varchar(255) DEFAULT NULL
) ENGINE=MyISAM DEFAULT CHARSET=latin1 COLLATE=latin1_swedish_ci;

--
-- Dumping data for table `tblstudents`
--

INSERT INTO `tblstudents` (`Id`, `firstName`, `lastName`, `otherName`, `admissionNumber`, `password`, `classId`, `classArmId`, `dateCreated`, `email`) VALUES
(1, 'MUHAMMAD NIZAR', 'BIN ANNUARUDDIN', '013-9876123', 'STD001', '32250170a0dca92d53ec9624f336ca24', '3', '2', '2024-07-24', NULL),
(3, 'NUR AIMAN ', 'BIN FAIZUL', '011-09877654', 'STD002', '32250170a0dca92d53ec9624f336ca24', '3', '2', '2024-07-24', NULL),
(88, 'VICTORIA', 'A/P ROBAT', '019-8790888', 'STD004', '12345', '3', '2', '2024-09-21', NULL),
(6, 'WAIE', 'BIN AHMAD', '012-2345011', 'STD005', '12345', '3', '2', '2024-07-24', NULL),
(7, 'MUHAMAMAD SYAHMI', 'BIN AKMAL', '019-9099295', 'STD006', '12345', '6', '6', '2024-07-24', NULL),
(8, 'OSAMA', 'BIN ZAIRUL', '012-8760770', 'STD007', '12345', '6', '6', '2024-07-24', NULL),
(9, 'ABU', 'BIN USMAN', '013-2170180', 'STD008', '12345', '6', '6', '2024-07-24', NULL),
(10, 'IRFAN', 'BIN AZMAN', '013-2280240', 'STD009', '12345', '6', '6', '2024-07-24', NULL),
(11, 'RIDHWAN', 'BIN LATIF', '019-5472950', 'STD010', '12345', '6', '6', '2024-07-24', NULL),
(66, 'OSAMA', 'BIN ZAIRUL', '012-8760770', 'STD007', '12345', '19', '22', '2024-07-30', NULL),
(65, 'MUHAMAMAD SYAHMI', 'BIN AKMAL', '019-9099295', 'STD006', '12345', '19', '22', '2024-07-30', NULL),
(64, 'WAIE', 'BIN AHMAD', '012-2345011', 'STD005', '12345', '19', '22', '2024-07-30', NULL),
(91, 'RAVINDER', 'A/P KAUR', '013-2170180', 'STD003', 'd43282ec6d8f80e92f365f686993c056', '17', '23', '2024-09-21', NULL),
(87, 'RAVINDER', 'A/P KAUR', '013-2170180', 'STD003', 'd43282ec6d8f80e92f365f686993c056', '3', '2', '2024-09-21', NULL),
(61, 'NUR AIMAN', 'BIN FAIZUL', '011-09877654', 'STD002', '32250170a0dca92d53ec9624f336ca24', '19', '22', '2024-07-30', NULL),
(60, 'MUHAMMAD NIZAR', 'BIN ANNUARUDDIN', '013-9876123', 'STD001', '32250170a0dca92d53ec9624f336ca24', '19', '22', '2024-07-30', NULL),
(35, 'MUHAMMAD NIZAR', 'BIN ANNUARUDDIN', '013-9876123', 'STD001', '32250170a0dca92d53ec9624f336ca24', '16', '19', '2024-07-30', NULL),
(36, 'NUR AIMAN', 'BIN FAIZUL', '011-09877654', 'STD002', '32250170a0dca92d53ec9624f336ca24', '16', '19', '2024-07-30', NULL),
(37, 'WAIE', 'BIN AHMAD', '012-2345011', 'STD005', '12345', '16', '19', '2024-07-30', NULL),
(38, 'MUHAMAMAD SYAHMI', 'BIN AKMAL', '019-9099295', 'STD006', '12345', '16', '19', '2024-07-30', NULL),
(39, 'OSAMA', 'BIN ZAIRUL', '012-8760770', 'STD007', '12345', '16', '19', '2024-07-30', NULL),
(40, 'ABU', 'BIN USMAN', '013-2170180', 'STD008', '12345', '16', '19', '2024-07-30', NULL),
(41, 'IRFAN', 'BIN AZMAN', '013-2280240', 'STD009', '12345', '16', '19', '2024-07-30', NULL),
(42, 'RIDHWAN', 'BIN LATIF', '019-5472950', 'STD010', '12345', '16', '19', '2024-07-30', NULL),
(43, 'FARHAN', 'BIN RAHMAN', '012-3456789', 'STD011', '12345', '1', '4', '2024-07-30', NULL),
(44, 'NADIA', 'BINTI KASIM', '013-4567890', 'STD012', '32250170a0dca92d53ec9624f336ca24', '1', '4', '2024-07-30', NULL),
(45, 'HAZIQ', 'BIN ABDULLAH', '014-5678901', 'STD013', '12345', '1', '4', '2024-07-30', NULL),
(46, 'SHAFIQ', 'BIN MUSA', '015-6789012', 'STD014', '12345', '1', '4', '2024-07-30', NULL),
(47, 'SARA', 'A/P KUNDASAMY', '016-7890123', 'STD015', '12345', '1', '4', '2024-07-30', NULL),
(48, 'ALI', 'BIN HUSIN', '017-8901234', 'STD016', '12345', '4', '5', '2024-07-30', NULL),
(49, 'SITI', 'BINTI ALI', '018-9012345', 'STD017', '12345', '4', '5', '2024-07-30', NULL),
(50, 'AMIR', 'BIN MAHMUD', '019-0123456', 'STD018', '12345', '4', '5', '2024-07-30', NULL),
(51, 'FIRDAUS', 'BIN RAZAK', '011-1234567', 'STD019', '12345', '4', '5', '2024-07-30', NULL),
(52, 'RAVINDERAN', 'A/L SHAKTHI', '012-2345678', 'STD020', '12345', '4', '5', '2024-07-30', NULL),
(55, 'FARHAN', 'BIN RAHMAN', '012-3456789', 'STD011', '12345', '16', '19', '2024-07-30', NULL),
(56, 'NADIA', 'BINTI KASIM', '013-4567890', 'STD012', '32250170a0dca92d53ec9624f336ca24', '16', '19', '2024-07-30', NULL),
(57, 'HAZIQ', 'BIN ABDULLAH', '014-5678901', 'STD013', '12345', '16', '19', '2024-07-30', NULL),
(58, 'SHAFIQ', 'BIN MUSA', '015-6789012', 'STD014', '12345', '16', '19', '2024-07-30', NULL),
(59, 'WAIE', 'BIN AHMAD', '012-2345011', 'STD005', '12345', '18', '21', '2024-07-30', NULL),
(67, 'ABU', 'BIN USMAN', '013-2170180', 'STD008', '12345', '19', '22', '2024-07-30', NULL),
(68, 'IRFAN', 'BIN AZMAN', '013-2280240', 'STD009', '12345', '19', '22', '2024-07-30', NULL),
(69, 'RIDHWAN', 'BIN LATIF', '019-5472950', 'STD010', '12345', '19', '22', '2024-07-30', NULL),
(70, 'FARHAN', 'BIN RAHMAN', '012-3456789', 'STD011', '12345', '19', '22', '2024-07-30', NULL),
(71, 'NADIA', 'BINTI KASIM', '013-4567890', 'STD012', '32250170a0dca92d53ec9624f336ca24', '19', '22', '2024-07-30', NULL),
(72, 'HAZIQ', 'BIN ABDULLAH', '014-5678901', 'STD013', '12345', '19', '22', '2024-07-30', NULL),
(73, 'SHAFIQ', 'BIN MUSA', '015-6789012', 'STD014', '12345', '19', '22', '2024-07-30', NULL),
(74, 'SARA', 'A/P KUNDASAMY', '016-7890123', 'STD015', '12345', '19', '22', '2024-07-30', NULL),
(75, 'ALI', 'BIN HUSIN', '017-8901234', 'STD016', '12345', '19', '22', '2024-07-30', NULL),
(76, 'SITI', 'BINTI ALI', '018-9012345', 'STD017', '12345', '19', '22', '2024-07-30', NULL),
(77, 'AMIR', 'BIN MAHMUD', '019-0123456', 'STD018', '12345', '19', '22', '2024-07-30', NULL),
(78, 'FIRDAUS', 'BIN RAZAK', '011-1234567', 'STD019', '12345', '19', '22', '2024-07-30', NULL),
(79, 'RAVINDERAN', 'A/L SHAKTHI', '012-2345678', 'STD020', '12345', '19', '22', '2024-07-30', NULL),
(82, 'ALI', 'BIN HUSIN', '017-8901234', 'STD016', '12345', '16', '19', '2024-07-30', NULL),
(83, 'SITI', 'BINTI ALI', '018-9012345', 'STD017', '12345', '16', '19', '2024-07-30', NULL),
(84, 'AMIR', 'BIN MAHMUD', '019-0123456', 'STD018', '12345', '16', '19', '2024-07-30', NULL),
(85, 'FIRDAUS', 'BIN RAZAK', '011-1234567', 'STD019', '12345', '16', '19', '2024-07-30', NULL),
(89, 'RAVINDER', 'A/P KAUR', '013-2170180', 'STD003', 'd43282ec6d8f80e92f365f686993c056', '19', '22', '2024-09-21', NULL),
(90, 'VICTORIA', 'A/P ROBAT', '019-8790888', 'STD004', '12345', '19', '22', '2024-09-21', NULL),
(92, 'VICTORIA', 'A/P ROBAT', '019-8790888', 'STD004', '12345', '17', '23', '2024-09-21', NULL),
(93, 'SARA', 'A/P KUNDASAMY', '016-7890123', 'STD015', '12345', '17', '23', '2024-09-21', NULL),
(94, 'RAVINDERAN', 'A/L SHAKTHI', '012-2345678', 'STD020', '12345', '17', '23', '2024-09-21', NULL),
(95, 'MUHAMMAD NIZAR', 'BIN ANNUARUDDIN', '013-9876123', 'STD001', '32250170a0dca92d53ec9624f336ca24', '18', '21', '2024-09-21', NULL),
(96, 'NUR AIMAN', 'BIN FAIZUL', '011-09877654', 'STD002', '32250170a0dca92d53ec9624f336ca24', '18', '21', '2024-09-21', NULL),
(97, 'MUHAMAMAD SYAHMI', 'BIN AKMAL', '019-9099295', 'STD006', '12345', '18', '21', '2024-09-21', NULL),
(98, 'OSAMA', 'BIN ZAIRUL', '012-8760770', 'STD007', '12345', '18', '21', '2024-09-21', NULL),
(99, 'ABU', 'BIN USMAN', '013-2170180', 'STD008', '12345', '18', '21', '2024-09-21', NULL),
(100, 'IRFAN', 'BIN AZMAN', '013-2280240', 'STD009', '12345', '18', '21', '2024-09-21', NULL),
(101, 'RIDHWAN', 'BIN LATIF', '019-5472950', 'STD010', '12345', '18', '21', '2024-09-21', NULL),
(102, 'FARHAN', 'BIN RAHMAN', '012-3456789', 'STD011', '12345', '18', '21', '2024-09-21', NULL),
(103, 'AMIR', 'BIN MAHMUD', '019-0123456', 'STD018', '12345', '18', '21', '2024-09-21', NULL),
(104, 'FIRDAUS', 'BIN RAZAK', '011-1234567', 'STD019', '12345', '18', '21', '2024-09-21', NULL),
(105, 'RAVINDERAN', 'A/L SHAKTHI', '012-2345678', 'STD020', '12345', '18', '21', '2024-09-21', NULL),
(106, 'RAVINDER', 'A/P KAUR', '013-2170180', 'STD003', 'd43282ec6d8f80e92f365f686993c056', '20', '24', '2024-09-21', NULL),
(107, 'VICTORIA', 'A/P ROBAT', '019-8790888', 'STD004', '12345', '20', '24', '2024-09-21', NULL),
(108, 'SARA', 'A/P KUNDASAMY', '016-7890123', 'STD015', '12345', '20', '24', '2024-09-21', NULL),
(109, 'NADIA', 'BINTI KASIM', '013-4567890', 'STD012', '32250170a0dca92d53ec9624f336ca24', '20', '24', '2024-09-21', NULL),
(110, 'HAZIQ', 'BIN ABDULLAH', '014-5678901', 'STD013', '12345', '20', '24', '2024-09-21', NULL),
(111, 'SHAFIQ', 'BIN MUSA', '015-6789012', 'STD014', '12345', '20', '24', '2024-09-21', NULL),
(112, 'ALI', 'BIN HUSIN', '017-8901234', 'STD016', '12345', '20', '24', '2024-09-21', NULL),
(113, 'SITI', 'BINTI ALI', '018-9012345', 'STD017', '12345', '20', '24', '2024-09-21', NULL),
(123, 'Azim', 'Farhan', '011-61101553', 'STD021', '32250170a0dca92d53ec9624f336ca24', '18', '21', '2024-10-15', NULL),
(124, 'Azim', 'Farhan', '011-61101553', 'STD021', '32250170a0dca92d53ec9624f336ca24', '3', '2', '2024-10-15', NULL);

-- --------------------------------------------------------

--
-- Table structure for table `tblterm`
--

CREATE TABLE `tblterm` (
  `Id` int(10) NOT NULL,
  `termName` varchar(20) NOT NULL
) ENGINE=MyISAM DEFAULT CHARSET=latin1 COLLATE=latin1_swedish_ci;

--
-- Dumping data for table `tblterm`
--

INSERT INTO `tblterm` (`Id`, `termName`) VALUES
(1, 'First'),
(2, 'Second'),
(3, 'Third'),
(4, 'Fourth');

--
-- Indexes for dumped tables
--

--
-- Indexes for table `tbladmin`
--
ALTER TABLE `tbladmin`
  ADD PRIMARY KEY (`Id`);

--
-- Indexes for table `tblattendance`
--
ALTER TABLE `tblattendance`
  ADD PRIMARY KEY (`Id`);

--
-- Indexes for table `tblclass`
--
ALTER TABLE `tblclass`
  ADD PRIMARY KEY (`Id`);

--
-- Indexes for table `tblclassarms`
--
ALTER TABLE `tblclassarms`
  ADD PRIMARY KEY (`Id`);

--
-- Indexes for table `tblclassteacher`
--
ALTER TABLE `tblclassteacher`
  ADD PRIMARY KEY (`Id`);

--
-- Indexes for table `tblsessionterm`
--
ALTER TABLE `tblsessionterm`
  ADD PRIMARY KEY (`Id`);

--
-- Indexes for table `tblstudents`
--
ALTER TABLE `tblstudents`
  ADD PRIMARY KEY (`Id`);

--
-- Indexes for table `tblterm`
--
ALTER TABLE `tblterm`
  ADD PRIMARY KEY (`Id`);

--
-- AUTO_INCREMENT for dumped tables
--

--
-- AUTO_INCREMENT for table `tbladmin`
--
ALTER TABLE `tbladmin`
  MODIFY `Id` int(10) NOT NULL AUTO_INCREMENT, AUTO_INCREMENT=2;

--
-- AUTO_INCREMENT for table `tblattendance`
--
ALTER TABLE `tblattendance`
  MODIFY `Id` int(10) NOT NULL AUTO_INCREMENT, AUTO_INCREMENT=2230;

--
-- AUTO_INCREMENT for table `tblclass`
--
ALTER TABLE `tblclass`
  MODIFY `Id` int(10) NOT NULL AUTO_INCREMENT, AUTO_INCREMENT=24;

--
-- AUTO_INCREMENT for table `tblclassarms`
--
ALTER TABLE `tblclassarms`
  MODIFY `Id` int(10) NOT NULL AUTO_INCREMENT, AUTO_INCREMENT=32;

--
-- AUTO_INCREMENT for table `tblclassteacher`
--
ALTER TABLE `tblclassteacher`
  MODIFY `Id` int(10) NOT NULL AUTO_INCREMENT, AUTO_INCREMENT=31;

--
-- AUTO_INCREMENT for table `tblsessionterm`
--
ALTER TABLE `tblsessionterm`
  MODIFY `Id` int(10) NOT NULL AUTO_INCREMENT, AUTO_INCREMENT=10;

--
-- AUTO_INCREMENT for table `tblstudents`
--
ALTER TABLE `tblstudents`
  MODIFY `Id` int(10) NOT NULL AUTO_INCREMENT, AUTO_INCREMENT=126;

--
-- AUTO_INCREMENT for table `tblterm`
--
ALTER TABLE `tblterm`
  MODIFY `Id` int(10) NOT NULL AUTO_INCREMENT, AUTO_INCREMENT=5;
COMMIT;

/*!40101 SET CHARACTER_SET_CLIENT=@OLD_CHARACTER_SET_CLIENT */;
/*!40101 SET CHARACTER_SET_RESULTS=@OLD_CHARACTER_SET_RESULTS */;
/*!40101 SET COLLATION_CONNECTION=@OLD_COLLATION_CONNECTION */;
